COSITE,ROADWAY,FROM,TO,LAST_YEAR_RECORDED,FORECASTED_YEAR,FORECASTED_AADT,Congestion_Level,FORECAST_DATE,TEMPERATURE,WINDSPEED,CURRENT_FORECAST
570005,57070000,L G RUSSELL RD,ALABAMA STATE LINE,2023,2024,5522.14,Medium,2025-05-01,65,0.0,Partly Cloudy then Patchy Fog
570006,57070000,GEORGIA AVE,VINSON RAY RD,2023,2024,3890.09,Low,2025-05-01,65,0.0,Partly Cloudy then Patchy Fog
570007,57080000,COUNTY LINE RD,CR189/GALIVER CUTOFF,2023,2024,1571.01,Low,2025-05-01,65,0.0,Partly Cloudy then Patchy Fog
570008,57506000,GALLIVER CUTOFF RD,SR-4/HWY 4,2023,2024,360.12,Low,2025-05-01,65,0.0,Partly Cloudy then Patchy Fog
570009,57509500,CR-393,MILLSIDE RD,2023,2024,6090.61,Medium,2025-05-01,65,0.0,Partly Cloudy then Patchy Fog
570010,57000029,MILLSIDE RD,SECOND AVE,2023,2024,1058.23,Low,2025-05-01,65,0.0,Partly Cloudy then Patchy Fog
570018,57010000,MIDDLEBROOKS RD,SR-4,2023,2024,43375.03,High,2025-05-01,65,0.0,Partly Cloudy then Patchy Fog
570019,57509000,WALTON CO LINE,CR-393/HWY 393,2023,2024,6734.77,Medium,2025-05-01,65,0.0,Partly Cloudy then Patchy Fog
570051,57030000,PARK ENT,STAHLMAN AVE,2023,2024,5894.63,Medium,2025-05-01,65,0.0,Partly Cloudy then Patchy Fog
570054,57030000,HAMPTON INN ENT/EXIT,RESTAURANT ROW,2023,2024,4438.28,Low,2025-05-01,65,0.0,Partly Cloudy then Patchy Fog
570088,57030000,HAMPTON INN ENT/EXIT,RESTAURANT ROW,2023,2024,32110.19,High,2025-05-01,65,0.0,Partly Cloudy then Patchy Fog
570090,57030001,MP23.890 OF 57030000,SECTION END MP 0.488,2023,2024,10292.55,Medium,2025-05-01,65,0.0,Partly Cloudy then Patchy Fog
570098,57030000,HAMPTON INN,RESTAURANT ROW,2023,2024,5618.2,Medium,2025-05-01,65,0.0,Partly Cloudy then Patchy Fog
570101,57060000,CR-602,CR-85A/SECOND AVE,2023,2024,14432.89,Medium,2025-05-01,65,0.0,Partly Cloudy then Patchy Fog
570110,57060000,CR-85A/SECOND AVE,CR-85A,2023,2024,13496.98,Medium,2025-05-01,65,0.0,Partly Cloudy then Patchy Fog
570118,57050000,57150005 SB ON,PJ ADAMS PKWY,2023,2024,5552.91,Medium,2025-05-01,65,0.0,Partly Cloudy then Patchy Fog
570120,57080000,CR189/GALIVER CUTOFF,US-90/SR-10,2023,2024,6667.12,Medium,2025-05-01,65,0.0,Partly Cloudy then Patchy Fog
570121,57010000,SANTA ROSA CO LINE,CR-189/LOG LAKE RD,2023,2024,5857.57,Medium,2025-05-01,65,0.0,Partly Cloudy then Patchy Fog
570122,57010000,SR-4,CR-4/ANTIOCH RD,2023,2024,14497.06,Medium,2025-05-01,65,0.0,Partly Cloudy then Patchy Fog
570124,57040000,57160118 SB ON,COUNTY LINE RD,2023,2024,8502.84,Medium,2025-05-01,65,0.0,Partly Cloudy then Patchy Fog
570128,57060000,CR-85A,COUNTY LINE RD,2023,2024,7969.77,Medium,2025-05-01,65,0.0,Partly Cloudy then Patchy Fog
570139,57070000,VINSON RAY RD,CR-2/HWY 2,2023,2024,11299.03,Medium,2025-05-01,65,0.0,Partly Cloudy then Patchy Fog
570167,57070000,CR-2/HWY 2,L G RUSSELL RD,2023,2024,30189.41,High,2025-05-01,65,0.0,Partly Cloudy then Patchy Fog
570170,57010000,CR-4/ANTIOCH RD,ENZOR RD,2023,2024,5889.38,Medium,2025-05-01,65,0.0,Partly Cloudy then Patchy Fog
570189,57010000,CR-393/HWY 393,WALTON CO LINE,2023,2024,5238.06,Medium,2025-05-01,65,0.0,Partly Cloudy then Patchy Fog
570190,57010000,CR-189/LOG LAKE RD,MIDDLEBROOKS RD,2023,2024,5700.53,Medium,2025-05-01,65,0.0,Partly Cloudy then Patchy Fog
570200,57060000,CR-188/AIRPORT RD,BRADLEY RD,2023,2024,3084.06,Low,2025-05-01,65,0.0,Partly Cloudy then Patchy Fog
570214,57030000,SANTA ROSA CO LINE,PARRISH BLVD,2023,2024,3066.33,Low,2025-05-01,65,0.0,Partly Cloudy then Patchy Fog
570217,57510000,US-90/SR-10/HWY 90,SR-4/HWY 4,2023,2024,4593.71,Low,2025-05-01,65,0.0,Partly Cloudy then Patchy Fog
570219,57140000,HARBOR BLVD,BENNING DR,2023,2024,14249.2,Medium,2025-05-01,65,0.0,Partly Cloudy then Patchy Fog
570250,57040026,SR-85 NB,EGLIN AFB GATE,2023,2024,26205.18,High,2025-05-01,65,0.0,Partly Cloudy then Patchy Fog
570260,57040026,SR-85 SB,EGLIN AFB GATE,2023,2024,32310.72,High,2025-05-01,65,0.0,Partly Cloudy then Patchy Fog
570261,57570000,CR-2/HWY 2,SR-85/HWY 85,2023,2024,21017.32,High,2025-05-01,65,0.0,Partly Cloudy then Patchy Fog
570275,57550000,SR-85,,2023,2024,6415.95,Medium,2025-05-01,65,0.0,Partly Cloudy then Patchy Fog
570278,57570000,US-90/SR-10/HWY 90,CR-2/HWY 2,2023,2024,2951.71,Low,2025-05-01,65,0.0,Partly Cloudy then Patchy Fog
570280,57050000,57160131 NB OFF,57150005 SB ON,2023,2024,10772.2,Medium,2025-05-01,65,0.0,Partly Cloudy then Patchy Fog
570282,57130000,GREEN ACRES RD,MOONEY RD,2023,2024,2719.79,Low,2025-05-01,65,0.0,Partly Cloudy then Patchy Fog
570283,57040000,SR-189,GEN ROBERT M BOND BL,2023,2024,16274.18,High,2025-05-01,65,0.0,Partly Cloudy then Patchy Fog
570284,57040000,57150002 NB ON,FROM SR-190,2023,2024,6253.39,Medium,2025-05-01,65,0.0,Partly Cloudy then Patchy Fog
570285,57590000,,US-90/SR-10/HWY 90,2023,2024,7885.09,Medium,2025-05-01,65,0.0,Partly Cloudy then Patchy Fog
570289,57620000,US-90/SR-10/HWY 90,BUCK WARD RD,2023,2024,9072.64,Medium,2025-05-01,65,0.0,Partly Cloudy then Patchy Fog
570290,57620000,ADDISON PLACE,US-90/SR-10/HWY 90,2023,2024,18563.18,High,2025-05-01,65,0.0,Partly Cloudy then Patchy Fog
570291,57550500,ALABAMA STATE LINE,CHURCH DRIVEWAY,2023,2024,11284.1,Medium,2025-05-01,65,0.0,Partly Cloudy then Patchy Fog
570294,57620501,ANTIOCH RD,SR-85,2023,2024,26206.99,High,2025-05-01,65,0.0,Partly Cloudy then Patchy Fog
570295,57620500,ADDISON PLACE APT,SR-85/S FERDON BLVD,2023,2024,6212.3,Medium,2025-05-01,65,0.0,Partly Cloudy then Patchy Fog
570296,57000021,7TH ST,SR-20,2023,2024,20877.01,High,2025-05-01,65,0.0,Partly Cloudy then Patchy Fog
570297,57501000,SR-85,POVERTY CREEK RD,2023,2024,8553.17,Medium,2025-05-01,65,0.0,Partly Cloudy then Patchy Fog
570298,57130000,GEN BOND BLVD,SR-85,2023,2024,33074.2,High,2025-05-01,65,0.0,Partly Cloudy then Patchy Fog
570299,57130000,SR-85,SR-397/EGLIN BLVD,2023,2024,20319.84,High,2025-05-01,65,0.0,Partly Cloudy then Patchy Fog
570300,57040000,BAY DR,CR-293/WHITE POINT R,2023,2024,3499.1,Low,2025-05-01,65,0.0,Partly Cloudy then Patchy Fog
570301,57518000,MID BAY BR ADMIN,SR-20,2023,2024,3400.87,Low,2025-05-01,65,0.0,Partly Cloudy then Patchy Fog
570302,57518000,LEGENDARY MARINE ENT,,2023,2024,10584.2,Medium,2025-05-01,65,0.0,Partly Cloudy then Patchy Fog
570303,57518000,LEGENDARY MARINE DR,,2023,2024,7390.71,Medium,2025-05-01,65,0.0,Partly Cloudy then Patchy Fog
570304,57000114,SR-20/JOHN SIMS PKWY,HUNTINGTON CIR,2023,2024,3691.87,Low,2025-05-01,65,0.0,Partly Cloudy then Patchy Fog
570305,57040000,EDGEWATER DR,BAY DR,2023,2024,8327.61,Medium,2025-05-01,65,0.0,Partly Cloudy then Patchy Fog
570306,57150000,SR-85 WB FRONTAGE RD,Bridge No-570177,2023,2024,41399.25,High,2025-05-01,65,0.0,Partly Cloudy then Patchy Fog
570307,57590000,WHIPPOORWILL DR,,2023,2024,19372.85,High,2025-05-01,65,0.0,Partly Cloudy then Patchy Fog
570309,57100000,SR-189/HWY 189,SR-85/HWY 85,2023,2024,9652.59,Medium,2025-05-01,65,0.0,Partly Cloudy then Patchy Fog
570310,57010000,FAIRCHILD RD,CR-393/HWY 393,2023,2024,22487.42,High,2025-05-01,65,0.0,Partly Cloudy then Patchy Fog
570311,57501000,NORMANDY RD,SR-85,2023,2024,11567.01,Medium,2025-05-01,65,0.0,Partly Cloudy then Patchy Fog
570312,57000007,US-90/SR-10,CRESTVIEW AEROSPACE,2023,2024,11025.77,Medium,2025-05-01,65,0.0,Partly Cloudy then Patchy Fog
570313,57501500,US-90/SR-10,NORMANDY RD,2023,2024,11640.58,Medium,2025-05-01,65,0.0,Partly Cloudy then Patchy Fog
570314,57030000,PARRISH BLVD,Bridge No-570182,2023,2024,45853.09,High,2025-05-01,65,0.0,Partly Cloudy then Patchy Fog
570315,57040000,SR-397,SR-189,2023,2024,5949.02,Medium,2025-05-01,65,0.0,Partly Cloudy then Patchy Fog
570316,57090000,COLLEGE BLVD,57160127 NB OFF,2023,2024,13901.51,Medium,2025-05-01,65,0.0,Partly Cloudy then Patchy Fog
570317,57518000,US-98/SR-30,LEGENDARY MARINE DR,2023,2024,15629.79,High,2025-05-01,65,0.0,Partly Cloudy then Patchy Fog
570318,57150002,SR-85,57040200  FRONTAGE,2023,2024,28107.03,High,2025-05-01,65,0.0,Partly Cloudy then Patchy Fog
570319,57150003,SR-123,SR-85 SB,2023,2024,10892.61,Medium,2025-05-01,65,0.0,Partly Cloudy then Patchy Fog
570320,57040000,GEN ROBERT M BOND BL,57150002 NB ON,2023,2024,11186.21,Medium,2025-05-01,65,0.0,Partly Cloudy then Patchy Fog
570356,57180000,57050102 SB ON,57050104 NB OFF,2023,2024,6609.76,Medium,2025-05-01,65,0.0,Partly Cloudy then Patchy Fog
570385,57000118,TRIUMPH RD,SR-293,2023,2024,34957.69,High,2025-05-01,65,0.0,Partly Cloudy then Patchy Fog
571499,57000118,CR-30F/AIRPORT RD,INDIAN BAYOU TR,2023,2024,6703.84,Medium,2025-05-01,65,0.0,Partly Cloudy then Patchy Fog
571500,57002000,57002002 EB OFF,57002006 EB OFF,2023,2024,8662.77,Medium,2025-05-01,65,0.0,Partly Cloudy then Patchy Fog
571501,57150004,N END BRIDGE 570076,SR-85,2023,2024,4363.49,Low,2025-05-01,65,0.0,Partly Cloudy then Patchy Fog
571502,57150005,SR-85 SB,N END BRIDGE 570177,2023,2024,30513.31,High,2025-05-01,65,0.0,Partly Cloudy then Patchy Fog
571503,57060000,BRADLEY RD,CR-602,2023,2024,12169.53,Medium,2025-05-01,65,0.0,Partly Cloudy then Patchy Fog
571504,57030000,PARK,COASTGUARD STATION,2023,2024,6730.1,Medium,2025-05-01,65,0.0,Partly Cloudy then Patchy Fog
571505,57507002,SR-285,ROCKY BAYOU DR,2023,2024,20610.27,High,2025-05-01,65,0.0,Partly Cloudy then Patchy Fog
571506,57507001,SR-85,KELLY WAY,2023,2024,9962.04,Medium,2025-05-01,65,0.0,Partly Cloudy then Patchy Fog
571507,57000023,VALPARAISO BLVD,7TH ST,2023,2024,20993.2,High,2025-05-01,65,0.0,Partly Cloudy then Patchy Fog
571508,57040000,REDWOOD AVE,EDGEWATER DR,2023,2024,11783.28,Medium,2025-05-01,65,0.0,Partly Cloudy then Patchy Fog
571510,57050000,COLLEGE BLVD,57160131 NB OFF,2023,2024,34446.57,High,2025-05-01,65,0.0,Partly Cloudy then Patchy Fog
571511,57040027,SR-85,NORDBERG AVE,2023,2024,5146.82,Medium,2025-05-01,65,0.0,Partly Cloudy then Patchy Fog
571512,57040027,CHICAGO AVE,SHOPPING CTR,2023,2024,5169.01,Medium,2025-05-01,65,0.0,Partly Cloudy then Patchy Fog
571514,57090000,PALM BLVD,COLLEGE BLVD,2023,2024,10097.22,Medium,2025-05-01,65,0.0,Partly Cloudy then Patchy Fog
571518,57040000,FROM SR-190,SR-397,2023,2024,16746.44,High,2025-05-01,65,0.0,Partly Cloudy then Patchy Fog
571519,57507000,SR-85,PALM BLVD,2023,2024,10008.02,Medium,2025-05-01,65,0.0,Partly Cloudy then Patchy Fog
571520,57040000,SR-397,SR-85,2023,2024,21437.77,High,2025-05-01,65,0.0,Partly Cloudy then Patchy Fog
571521,57090000,SR-20/JOHN SIMS PKWY,BAYSHORE DR,2023,2024,13895.08,Medium,2025-05-01,65,0.0,Partly Cloudy then Patchy Fog
571522,57540015,PALM BLVD,END OF PAVEMENT,2023,2024,11492.62,Medium,2025-05-01,65,0.0,Partly Cloudy then Patchy Fog
571601,57507001,KELLY WAY,SR-85,2023,2024,13565.7,Medium,2025-05-01,65,0.0,Partly Cloudy then Patchy Fog
571602,57160000,57160113 NB OFF,57160117 NB OFF,2023,2024,18819.98,High,2025-05-01,65,0.0,Partly Cloudy then Patchy Fog
571603,57160000,57160117 NB OFF,57160123 NB OFF,2023,2024,24981.49,High,2025-05-01,65,0.0,Partly Cloudy then Patchy Fog
571605,57040000,CR-293/WHITE POINT R,57160118 SB ON,2023,2024,4041.38,Low,2025-05-01,65,0.0,Partly Cloudy then Patchy Fog
571606,57160000,57160123 NB OFF,57160128 SB ON,2023,2024,37973.29,High,2025-05-01,65,0.0,Partly Cloudy then Patchy Fog
571607,57160000,57160128 SB ON,GORE 57160129/130,2023,2024,41545.04,High,2025-05-01,65,0.0,Partly Cloudy then Patchy Fog
571608,57010000,BRACKIN ST,FAIRCHILD RD,2023,2024,37792.07,High,2025-05-01,65,0.0,Partly Cloudy then Patchy Fog
571609,57010000,ENZOR RD,LINDBERG ST,2023,2024,39770.68,High,2025-05-01,65,0.0,Partly Cloudy then Patchy Fog
571610,57060000,JONES RD,CR-188/AIRPORT RD,2023,2024,37325.72,High,2025-05-01,65,0.0,Partly Cloudy then Patchy Fog
571701,57500000,S MAIN ST,US-90/SR-10/HWY 90,2023,2024,26687.79,High,2025-05-01,65,0.0,Partly Cloudy then Patchy Fog
571702,57050000,W REDSTONE AVE,E CANE AVE,2023,2024,24598.89,High,2025-05-01,65,0.0,Partly Cloudy then Patchy Fog
571704,57050000,JOHN KING RD,TO I-10 EB,2023,2024,35914.46,High,2025-05-01,65,0.0,Partly Cloudy then Patchy Fog
571705,57050000,WAL MART RD,W REDSTONE AVE,2023,2024,38775.57,High,2025-05-01,65,0.0,Partly Cloudy then Patchy Fog
571706,57050000,TO I-10 EB,WAL MART RD,2023,2024,31143.19,High,2025-05-01,65,0.0,Partly Cloudy then Patchy Fog
571707,57050000,PJ ADAMS PKWY,JOHN KING RD,2023,2024,40365.91,High,2025-05-01,65,0.0,Partly Cloudy then Patchy Fog
571708,57110000,MEMORIAL PKWY NW,OAK ST,2023,2024,23241.29,High,2025-05-01,65,0.0,Partly Cloudy then Patchy Fog
571709,57030000,SR393MARY ESTHER BLV,MEMORIAL PKWY SW,2023,2024,45028.71,High,2025-05-01,65,0.0,Partly Cloudy then Patchy Fog
571710,57040000,SHOPPING CTR,YACHT CLUB DR,2023,2024,31718.99,High,2025-05-01,65,0.0,Partly Cloudy then Patchy Fog
571711,57030000,Bridge No-570182,BUSINESS ENT/EXIT,2023,2024,5717.09,Medium,2025-05-01,65,0.0,Partly Cloudy then Patchy Fog
572004,57130000,MOONEY RD,GEN BOND BLVD,2023,2024,25184.97,High,2025-05-01,65,0.0,Partly Cloudy then Patchy Fog
572601,57040000,4TH AVE,12TH AVE,2023,2024,4761.76,Low,2025-05-01,65,0.0,Partly Cloudy then Patchy Fog
572602,57110028,HOLLYWOOD BLVD,SHOPPING CENTER,2023,2024,4373.45,Low,2025-05-01,65,0.0,Partly Cloudy then Patchy Fog
572603,57110028,BUSINESS,WRIGHT PKWY NW,2023,2024,3752.53,Low,2025-05-01,65,0.0,Partly Cloudy then Patchy Fog
572604,57040000,YACHT CLUB DR,MONAHAN DR,2023,2024,4478.31,Low,2025-05-01,65,0.0,Partly Cloudy then Patchy Fog
572605,57040000,12TH AVE,SR-397,2023,2024,8982.23,Medium,2025-05-01,65,0.0,Partly Cloudy then Patchy Fog
572606,57610001,SR-85/EGLIN PKWY,FERRY RD NE,2023,2024,8542.55,Medium,2025-05-01,65,0.0,Partly Cloudy then Patchy Fog
572607,57002000,57002006 EB OFF,WALTON CO LINE,2023,2024,6046.08,Medium,2025-05-01,65,0.0,Partly Cloudy then Patchy Fog
572608,57002001,CR-189,I-10/SR-8,2023,2024,5078.87,Medium,2025-05-01,65,0.0,Partly Cloudy then Patchy Fog
575002,57002002,I-10/SR-8,CR-189,2023,2024,3407.78,Low,2025-05-01,65,0.0,Partly Cloudy then Patchy Fog
575003,57002003,I-10/SR-8,CR-189,2023,2024,4149.79,Low,2025-05-01,65,0.0,Partly Cloudy then Patchy Fog
575004,57002004,CR-189,I-10/SR-8,2023,2024,4450.02,Low,2025-05-01,65,0.0,Partly Cloudy then Patchy Fog
575005,57002005,SR-85,I-10/SR-8,2023,2024,5968.76,Medium,2025-05-01,65,0.0,Partly Cloudy then Patchy Fog
575007,57002006,I-10/SR-8,SR-85/S FERDON BLVD,2023,2024,3541.12,Low,2025-05-01,65,0.0,Partly Cloudy then Patchy Fog
575009,57002007,I-10/SR-8,SR-85/ S FERDON BLVD,2023,2024,38774.36,High,2025-05-01,65,0.0,Partly Cloudy then Patchy Fog
575010,57002008,SR-85,I-10/SR-8,2023,2024,36291.75,High,2025-05-01,65,0.0,Partly Cloudy then Patchy Fog
575014,57500013,BRESSLER ST,SR-85/S FERDON BLVD,2023,2024,3242.26,Low,2025-05-01,65,0.0,Partly Cloudy then Patchy Fog
575016,57090000,BAYSHORE DR,SR-20/JOHN SIMS PKWY,2023,2024,14140.82,Medium,2025-05-01,65,0.0,Partly Cloudy then Patchy Fog
575022,57500016,S LLOYD ST,MCDONALD ST,2023,2024,5019.77,Medium,2025-05-01,65,0.0,Partly Cloudy then Patchy Fog
575023,57020000,21ST ST,CR-285/PARTIN DR,2023,2024,18276.44,High,2025-05-01,65,0.0,Partly Cloudy then Patchy Fog
575024,57000008,SR-85/N FERDON BLVD,WOODLAWN DR,2023,2024,15617.88,High,2025-05-01,65,0.0,Partly Cloudy then Patchy Fog
575026,57040000,SR-85,DAVIS DR,2023,2024,21352.16,High,2025-05-01,65,0.0,Partly Cloudy then Patchy Fog
575027,57040000,DAVIS DR,CR-285,2023,2024,13876.67,Medium,2025-05-01,65,0.0,Partly Cloudy then Patchy Fog
575034,57540002,SR-20/JOHN SIMS PKWY,SR-285/N PARTIN DR,2023,2024,25132.11,High,2025-05-01,65,0.0,Partly Cloudy then Patchy Fog
575038,57050000,SR-20,COLLEGE BLVD,2023,2024,27386.6,High,2025-05-01,65,0.0,Partly Cloudy then Patchy Fog
575039,57040028,FROM VALPARAISO PKWY,SR-397,2023,2024,32549.02,High,2025-05-01,65,0.0,Partly Cloudy then Patchy Fog
575040,57040027,NORDBERG AVE,,2023,2024,28787.02,High,2025-05-01,65,0.0,Partly Cloudy then Patchy Fog
575043,57040028,SR-397,CHICAGO AVE,2023,2024,8175.49,Medium,2025-05-01,65,0.0,Partly Cloudy then Patchy Fog
575045,57040028,SR-397,CHICAGO AVE,2023,2024,34438.86,High,2025-05-01,65,0.0,Partly Cloudy then Patchy Fog
575051,57040025,EGLIN AFB E GATE,N BAYSHORE DR,2023,2024,11109.08,Medium,2025-05-01,65,0.0,Partly Cloudy then Patchy Fog
575052,57508000,AIRPORT,CR-30D/MAIN ST,2023,2024,17468.43,High,2025-05-01,65,0.0,Partly Cloudy then Patchy Fog
575053,57000113,CR-30B/BENNING DR,CR-30D/MAIN ST,2023,2024,21641.23,High,2025-05-01,65,0.0,Partly Cloudy then Patchy Fog
575054,57110000,YACHT CLUB DR,MEMORIAL PKWY NW,2023,2024,5241.34,Medium,2025-05-01,65,0.0,Partly Cloudy then Patchy Fog
575055,57030000,MEMORIAL PKWY SW,BUSINESS ENT/EXIT,2023,2024,5362.92,Medium,2025-05-01,65,0.0,Partly Cloudy then Patchy Fog
575056,57030000,BUSINESS ENT/EXIT,BROOKS ST SE,2023,2024,5985.72,Medium,2025-05-01,65,0.0,Partly Cloudy then Patchy Fog
575057,57030000,BROOKS ST SE,FLORIDA PL SE,2023,2024,26514.45,High,2025-05-01,65,0.0,Partly Cloudy then Patchy Fog
575060,57040029,MIRACLE STRIP PKWY,FROM US-98/SR-30,2023,2024,38057.78,High,2025-05-01,65,0.0,Partly Cloudy then Patchy Fog
575061,57040029,MIRACLE STRIP PKWY,FROM US-98/SR-30,2023,2024,3624.22,Low,2025-05-01,65,0.0,Partly Cloudy then Patchy Fog
575063,57040000,SR-145/PERRY AVE SE,HOLLYWOOD BLVD SE,2023,2024,4073.76,Low,2025-05-01,65,0.0,Partly Cloudy then Patchy Fog
575065,57010000,SR-85,BRACKIN ST,2023,2024,11048.33,Medium,2025-05-01,65,0.0,Partly Cloudy then Patchy Fog
575070,57010000,N WILSON ST,SR-85,2023,2024,8272.25,Medium,2025-05-01,65,0.0,Partly Cloudy then Patchy Fog
575071,57010000,LINDBERG ST,N WILSON ST,2023,2024,7153.5,Medium,2025-05-01,65,0.0,Partly Cloudy then Patchy Fog
575072,57500012,US-90/SR-10,N LLOYD ST,2023,2024,3471.61,Low,2025-05-01,65,0.0,Partly Cloudy then Patchy Fog
575073,57000004,US-90/SR-10/HWY 90,STILLWELL BLVD,2023,2024,35833.45,High,2025-05-01,65,0.0,Partly Cloudy then Patchy Fog
575074,57000005,US-90/SR-10,SR-85/FERDON BLVD,2023,2024,8326.25,Medium,2025-05-01,65,0.0,Partly Cloudy then Patchy Fog
575075,57060000,US-90/SR-10,LONG DR,2023,2024,8941.6,Medium,2025-05-01,65,0.0,Partly Cloudy then Patchy Fog
575076,57050000,E CANE AVE,US-90/SR-10,2023,2024,32759.51,High,2025-05-01,65,0.0,Partly Cloudy then Patchy Fog
575077,57000002,SR-85/S FERDON BLVD,E CHESNUT AVE,2023,2024,10270.93,Medium,2025-05-01,65,0.0,Partly Cloudy then Patchy Fog
575078,57000003,MCDONALD ST,END OF PAVEMENT,2023,2024,6862.23,Medium,2025-05-01,65,0.0,Partly Cloudy then Patchy Fog
575079,57000018,SR-189/BEAL PKWY,SR-85/EGLIN PKWY NW,2023,2024,15116.78,High,2025-05-01,65,0.0,Partly Cloudy then Patchy Fog
575080,57000040,US-98/SR-30,HOLLYWOOD BLVD SW,2023,2024,29067.97,High,2025-05-01,65,0.0,Partly Cloudy then Patchy Fog
575083,57000016,HOLLYWOOD BLVD NW,SR-189/BEAL PKWY NW,2023,2024,32474.21,High,2025-05-01,65,0.0,Partly Cloudy then Patchy Fog
575084,57020500,VALPARAISO BLVD,FINCK RD,2023,2024,10077.92,Medium,2025-05-01,65,0.0,Partly Cloudy then Patchy Fog
575085,57040000,PALM BLVD,REDWOOD AVE,2023,2024,3291.18,Low,2025-05-01,65,0.0,Partly Cloudy then Patchy Fog
575086,57040024,US-98/SR-30,FIRST ST SE,2023,2024,8294.27,Medium,2025-05-01,65,0.0,Partly Cloudy then Patchy Fog
575087,57000039,SR-189/BEAL PKWY,SR-85/EGLIN PKWY,2023,2024,4163.81,Low,2025-05-01,65,0.0,Partly Cloudy then Patchy Fog
575088,57040000,CR-285,PALM BLVD,2023,2024,3905.54,Low,2025-05-01,65,0.0,Partly Cloudy then Patchy Fog
575090,57090000,SR-20/JOHN SIMS PKWY,PALM BLVD,2023,2024,28631.22,High,2025-05-01,65,0.0,Partly Cloudy then Patchy Fog
575091,57610011,US-98/SR-30,SR-393,2023,2024,25980.88,High,2025-05-01,65,0.0,Partly Cloudy then Patchy Fog
575092,57040000,SR-85/FLORIDA PL SE,SR-145/PERRY AVE SE,2023,2024,10898.92,Medium,2025-05-01,65,0.0,Partly Cloudy then Patchy Fog
575093,57030000,BUSINESS ENT/EXIT,SR393MARY ESTHER BLV,2023,2024,4115.89,Low,2025-05-01,65,0.0,Partly Cloudy then Patchy Fog
575094,57030000,FLORIDA PL SE,PERRY AVE SE,2023,2024,15977.41,High,2025-05-01,65,0.0,Partly Cloudy then Patchy Fog
575095,57000013,SR-85/EGLIN PKWY,SR-188/RACETRACK RD,2023,2024,43783.86,High,2025-05-01,65,0.0,Partly Cloudy then Patchy Fog
575096,57000006,STILLWELL BLVD,SR-85,2023,2024,12703.55,Medium,2025-05-01,65,0.0,Partly Cloudy then Patchy Fog
575097,57610103,SR-188/RACETRACK RD,GARNIERS POST RD,2023,2024,21437.19,High,2025-05-01,65,0.0,Partly Cloudy then Patchy Fog
575098,57000011,MOONEY RD NE,MOONEY RD NE,2023,2024,30539.26,High,2025-05-01,65,0.0,Partly Cloudy then Patchy Fog
575099,57000012,SKIPPER AVE,SR-188/RACETRACK RD,2023,2024,8316.87,Medium,2025-05-01,65,0.0,Partly Cloudy then Patchy Fog
575100,57130000,SR-188/RACETRACK RD,GREEN ACRES RD,2023,2024,9034.64,Medium,2025-05-01,65,0.0,Partly Cloudy then Patchy Fog
575101,57003000,SR-189/BEAL PKWY,DENTON BLVD,2023,2024,25911.45,High,2025-05-01,65,0.0,Partly Cloudy then Patchy Fog
575102,57000018,WRIGHT PKWY NW,ROBINWOOD DR SW,2023,2024,14745.78,Medium,2025-05-01,65,0.0,Partly Cloudy then Patchy Fog
575104,57610009,SR-189/BEAL PKWY,LAFITTE CRESCENT,2023,2024,43246.13,High,2025-05-01,65,0.0,Partly Cloudy then Patchy Fog
575105,57000116,MIRACLE STRIP,HOLLYWOOD BLVD,2023,2024,16854.97,High,2025-05-01,65,0.0,Partly Cloudy then Patchy Fog
575106,57110000,OAK ST,LEWIS ST,2023,2024,36721.06,High,2025-05-01,65,0.0,Partly Cloudy then Patchy Fog
575108,57610001,SR-189/BEAL PKWY,SR-85/EGLIN PKWY,2023,2024,37828.7,High,2025-05-01,65,0.0,Partly Cloudy then Patchy Fog
575109,57000112,HOLLYWOOD BLVD NW,LOVEJOY RD NW,2023,2024,4020.43,Low,2025-05-01,65,0.0,Partly Cloudy then Patchy Fog
575110,57110028,WRIGHT PKWY NW,SR-189/BEAL PKWY,2023,2024,25106.24,High,2025-05-01,65,0.0,Partly Cloudy then Patchy Fog
575111,57610501,HILL AVE NW,POPLAR AVE,2023,2024,10346.47,Medium,2025-05-01,65,0.0,Partly Cloudy then Patchy Fog
575112,57610501,POPLAR AVE,SR-393,2023,2024,26930.76,High,2025-05-01,65,0.0,Partly Cloudy then Patchy Fog
575113,57000112,LOVEJOY RD NW,FREEDOM WAY,2023,2024,35984.66,High,2025-05-01,65,0.0,Partly Cloudy then Patchy Fog
575114,57110000,US-98/SR-30,HOLLYWOOD BLVD,2023,2024,9793.04,Medium,2025-05-01,65,0.0,Partly Cloudy then Patchy Fog
575115,57030000,PERRY AVE SE,SANTA ROSA BLVD,2023,2024,18942.49,High,2025-05-01,65,0.0,Partly Cloudy then Patchy Fog
575116,57030000,PERRY AVE SE,SANTA ROSA BLVD,2023,2024,13344.19,Medium,2025-05-01,65,0.0,Partly Cloudy then Patchy Fog
575117,57110028,MIRACLE STRIP,HOLLYWOOD BLVD,2023,2024,6550.53,Medium,2025-05-01,65,0.0,Partly Cloudy then Patchy Fog
575118,57040000,HOLLYWOOD BLVD SE,SHOPPING CTR,2023,2024,10795.99,Medium,2025-05-01,65,0.0,Partly Cloudy then Patchy Fog
575119,57040000,MONAHAN DR,4TH AVE,2023,2024,8120.38,Medium,2025-05-01,65,0.0,Partly Cloudy then Patchy Fog
575120,57610100,MEIGS DR,SR-85/EGLIN PKWY,2023,2024,10837.53,Medium,2025-05-01,65,0.0,Partly Cloudy then Patchy Fog
575121,57003000,MOONEY RD,SR-85/EGLIN PKWY,2023,2024,10997.83,Medium,2025-05-01,65,0.0,Partly Cloudy then Patchy Fog
575122,57000018,SR-393/MARY ESTHER,WRIGHT PKWY NW,2023,2024,6443.95,Medium,2025-05-01,65,0.0,Partly Cloudy then Patchy Fog
575124,57060000,LONG DR,JONES RD,2023,2024,10221.92,Medium,2025-05-01,65,0.0,Partly Cloudy then Patchy Fog
575125,57110000,LEWIS ST,SR-188/RACETRACK RD,2023,2024,5622.05,Medium,2025-05-01,65,0.0,Partly Cloudy then Patchy Fog
575126,57000019,FERRY RD NE,SR-85/EGLIN PKWY,2023,2024,24749.9,High,2025-05-01,65,0.0,Partly Cloudy then Patchy Fog
575128,57630000,GREEN ACRES BLVD,SR-189/BEAL PKWY,2023,2024,20855.3,High,2025-05-01,65,0.0,Partly Cloudy then Patchy Fog
575129,57000112,HURLBURT RD,SCHNEIDER DR,2023,2024,16261.88,High,2025-05-01,65,0.0,Partly Cloudy then Patchy Fog
575130,57000018,ROBINWOOD DR SW,SR-189/BEAL PKWY,2023,2024,49295.79,High,2025-05-01,65,0.0,Partly Cloudy then Patchy Fog
575131,57540101,SR-285,COLLEGE BLVD,2023,2024,10667.31,Medium,2025-05-01,65,0.0,Partly Cloudy then Patchy Fog
575132,57507000,PALM BLVD,SR-285,2023,2024,42267.83,High,2025-05-01,65,0.0,Partly Cloudy then Patchy Fog
575133,57540101,VALPARAISO BLVD,27TH ST,2023,2024,8753.81,Medium,2025-05-01,65,0.0,Partly Cloudy then Patchy Fog
575135,57540101,27TH ST,SR-20,2023,2024,5324.35,Medium,2025-05-01,65,0.0,Partly Cloudy then Patchy Fog
575136,57540101,SR-20,SR-285,2023,2024,42801.62,High,2025-05-01,65,0.0,Partly Cloudy then Patchy Fog
575137,57610103,GARNIERS POST RD,SR-189,2023,2024,18005.58,High,2025-05-01,65,0.0,Partly Cloudy then Patchy Fog
575138,57610013,SR-189/BEAL PKWY,MAYFLOWER AVE,2023,2024,20564.86,High,2025-05-01,65,0.0,Partly Cloudy then Patchy Fog
575139,57610013,MAYFLOWER AVE,SR-188/RACETRACK RD,2023,2024,9502.1,Medium,2025-05-01,65,0.0,Partly Cloudy then Patchy Fog
575140,57003000,DENTON BLVD,MOONEY RD,2023,2024,12405.06,Medium,2025-05-01,65,0.0,Partly Cloudy then Patchy Fog
575141,57040001,US-98/SR-30,CHESTNUT AVE SE,2023,2024,28452.19,High,2025-05-01,65,0.0,Partly Cloudy then Patchy Fog
575143,57000110,MILITARY BDRY ENT,US-98/SR-30,2023,2024,53041.45,High,2025-05-01,65,0.0,Partly Cloudy then Patchy Fog
575144,57030000,GULF SHORE DR,,2023,2024,5520.51,Medium,2025-05-01,65,0.0,Partly Cloudy then Patchy Fog
575145,57508000,US-98/SR-30,AIRPORT,2023,2024,3708.22,Low,2025-05-01,65,0.0,Partly Cloudy then Patchy Fog
575146,57030000,CR-30D/MAIN ST,GULF SHORE DR,2023,2024,6761.32,Medium,2025-05-01,65,0.0,Partly Cloudy then Patchy Fog
575147,57600001,US98/SR30/US HWY 98,KELLY ST,2023,2024,3623.98,Low,2025-05-01,65,0.0,Partly Cloudy then Patchy Fog
575148,57502000,US-98/SR-30,CALHOUN AVE,2023,2024,4058.93,Low,2025-05-01,65,0.0,Partly Cloudy then Patchy Fog
575149,57030000,STAHLMAN AVE,CR-30D/MAIN ST,2023,2024,4467.87,Low,2025-05-01,65,0.0,Partly Cloudy then Patchy Fog
575150,57040001,CHESTNUT AVE SE,SR-85/EGLIN PKWY SE,2023,2024,9415.05,Medium,2025-05-01,65,0.0,Partly Cloudy then Patchy Fog
575151,57110000,HOLLYWOOD BLVD,YACHT CLUB DR,2023,2024,7336.81,Medium,2025-05-01,65,0.0,Partly Cloudy then Patchy Fog
575153,57000111,DOOLITTLE BLVD,SR-393,2023,2024,4275.91,Low,2025-05-01,65,0.0,Partly Cloudy then Patchy Fog
575154,57610014,MLK BLVD,SR-189/BEAL PKWY,2023,2024,6829.62,Medium,2025-05-01,65,0.0,Partly Cloudy then Patchy Fog
575164,57000112,FREEDOM WAY,HURLBURT RD,2023,2024,3478.68,Low,2025-05-01,65,0.0,Partly Cloudy then Patchy Fog
575165,57030030,KELLY PLANTATION,HUTCHINSON ST,2023,2024,7499.66,Medium,2025-05-01,65,0.0,Partly Cloudy then Patchy Fog
575167,57000014,JONQUIL AVE NW,SR-189/BEAL PKWY NW,2023,2024,4205.58,Low,2025-05-01,65,0.0,Partly Cloudy then Patchy Fog
575168,57000019,FLORIDA BLANCA PL SE,BAY DR NE,2023,2024,17530.38,High,2025-05-01,65,0.0,Partly Cloudy then Patchy Fog
575169,57000020,SR-85/EGLIN PKWY,FERRY RD NE,2023,2024,39997.95,High,2025-05-01,65,0.0,Partly Cloudy then Patchy Fog
575901,57000035,CROSS ST,BENNING DR,2023,2024,4114.07,Low,2025-05-01,65,0.0,Partly Cloudy then Patchy Fog
575902,57000038,FIRST ST SE,SR-145/PERRY AVE SE,2023,2024,2606.34,Low,2025-05-01,65,0.0,Partly Cloudy then Patchy Fog
575903,57000350,HOLLYWOOD BLVD NW,HOLMES BLVD NW,2023,2024,7921.15,Medium,2025-05-01,65,0.0,Partly Cloudy then Patchy Fog
577701,57600000,FIRST ST,MAIN ST,2023,2024,3956.67,Low,2025-05-01,65,0.0,Partly Cloudy then Patchy Fog
577702,57600000,MAIN ST,INDIAN TR,2023,2024,4212.61,Low,2025-05-01,65,0.0,Partly Cloudy then Patchy Fog
577703,57610500,LANG RD,MAYFLOWER AVE,2023,2024,3814.04,Low,2025-05-01,65,0.0,Partly Cloudy then Patchy Fog
577704,57000113,US-98/SR-30,CR-30B/BENNING DR,2023,2024,3990.75,Low,2025-05-01,65,0.0,Partly Cloudy then Patchy Fog
577705,57000036,BENNING DR,FIRST ST,2023,2024,7388.86,Medium,2025-05-01,65,0.0,Partly Cloudy then Patchy Fog
577706,57000019,BAY DR NE,FERRY RD NE,2023,2024,7638.34,Medium,2025-05-01,65,0.0,Partly Cloudy then Patchy Fog
577707,57000038,CHESTNUT AVE SE,YACHT CLUB DR NE,2023,2024,4907.12,Low,2025-05-01,65,0.0,Partly Cloudy then Patchy Fog
577708,57000111,HILL AVE NW,DOOLITTLE BLVD,2023,2024,5069.48,Medium,2025-05-01,65,0.0,Partly Cloudy then Patchy Fog
577709,57030030,0.096 E OF AIRPORT R,KELLY PLANTATION,2023,2024,3449.38,Low,2025-05-01,65,0.0,Partly Cloudy then Patchy Fog
577710,57000031,BUCK WARD RD,VINSON RAY RD,2023,2024,4661.25,Low,2025-05-01,65,0.0,Partly Cloudy then Patchy Fog
577711,57000061,OLD RIVER RD,CR-2/HWY 2,2023,2024,5898.6,Medium,2025-05-01,65,0.0,Partly Cloudy then Patchy Fog
577712,57000117,US-98/SR-30,COMMONS DR W RAB,2023,2024,3079.63,Low,2025-05-01,65,0.0,Partly Cloudy then Patchy Fog
577713,57050101,SR-85,77TH SPECIAL FORCES,2023,2024,3864.04,Low,2025-05-01,65,0.0,Partly Cloudy then Patchy Fog
577714,57050102,77TH SPECIAL FORCES,SR-85,2023,2024,3072.13,Low,2025-05-01,65,0.0,Partly Cloudy then Patchy Fog
577715,57050104,SR-85,SR-210,2023,2024,7393.3,Medium,2025-05-01,65,0.0,Partly Cloudy then Patchy Fog
577716,57050103,SR-210/MCWHORTER AVE,SR-85,2023,2024,8493.22,Medium,2025-05-01,65,0.0,Partly Cloudy then Patchy Fog
577717,57030111,US-98/SR-30,CODY AVE,2023,2024,4838.22,Low,2025-05-01,65,0.0,Partly Cloudy then Patchy Fog
577718,57030112,CODY AVE,US-98/SR-30,2023,2024,6266.89,Medium,2025-05-01,65,0.0,Partly Cloudy then Patchy Fog
577719,57030113,US-98/SR-30,CODY AVE,2023,2024,6046.25,Medium,2025-05-01,65,0.0,Partly Cloudy then Patchy Fog
577720,57030114,CODY AVE,US-98/SR-30,2023,2024,3928.0,Low,2025-05-01,65,0.0,Partly Cloudy then Patchy Fog
577721,57150111,SR-123 NB,SR-85 SB,2023,2024,3065.12,Low,2025-05-01,65,0.0,Partly Cloudy then Patchy Fog
577722,57040114,SR-85 SB FRONTAGE RD,SR-85,2023,2024,3133.13,Low,2025-05-01,65,0.0,Partly Cloudy then Patchy Fog
577723,57050017,SR-20/JOHN SIMS PKWY,SR-85/N HWY 85,2023,2024,2789.38,Low,2025-05-01,65,0.0,Partly Cloudy then Patchy Fog
577724,57150101,SR-123 SB,SR-85 WB FRONTAGE RD,2023,2024,3341.7,Low,2025-05-01,65,0.0,Partly Cloudy then Patchy Fog
577725,57160115,GORE AT SR-293 SB,GORE AT SR-20 WB,2023,2024,3883.81,Low,2025-05-01,65,0.0,Partly Cloudy then Patchy Fog
577726,57160116,GORE AT SR-20 WB,GORE AT SR-293 NB,2023,2024,3775.99,Low,2025-05-01,65,0.0,Partly Cloudy then Patchy Fog
577727,57160117,GORE AT SR-293 NB,GORE AT SR-20 EB,2023,2024,3476.96,Low,2025-05-01,65,0.0,Partly Cloudy then Patchy Fog
577728,57160118,GORE AT SR-20 EB,GORE AT SR-293 SB,2023,2024,3691.58,Low,2025-05-01,65,0.0,Partly Cloudy then Patchy Fog
577729,57160129,N END OF SR-293,GORE AT SR-85 SB,2023,2024,2414.97,Low,2025-05-01,65,0.0,Partly Cloudy then Patchy Fog
577730,57160130,GORE AT SR-85 SB,SR-293 SB,2023,2024,3841.8,Low,2025-05-01,65,0.0,Partly Cloudy then Patchy Fog
577731,57160131,GORE AT SR-293 NB,GORE AT SR-85 NB,2023,2024,2831.87,Low,2025-05-01,65,0.0,Partly Cloudy then Patchy Fog
577732,57160132,GORE AT SR-85 NB,GORE AT SR-293 SB,2023,2024,2792.41,Low,2025-05-01,65,0.0,Partly Cloudy then Patchy Fog
577733,57040200,SR-85,,2023,2024,4574.81,Low,2025-05-01,65,0.0,Partly Cloudy then Patchy Fog
577734,57040200,SR-85,,2023,2024,3937.43,Low,2025-05-01,65,0.0,Partly Cloudy then Patchy Fog
582007,57040200,,,2023,2024,33108.3,High,2025-05-01,65,0.0,Partly Cloudy then Patchy Fog
600168,57160112,N LAKESHORE DR,GORE AT SR-293 NB,2023,2024,46825.31,High,2025-05-01,65,0.0,Partly Cloudy then Patchy Fog
600251,57160121,GORE AT SR-293 SB,RANGE RD,2023,2024,9989.0,Medium,2025-05-01,65,0.0,Partly Cloudy then Patchy Fog
